차례,연구 분야,키워드
1,역사적 연구,역사
2,역사적 연구,변천
3,철학적 연구,철학
4,철학적 연구,자연주의
5,철학적 연구,이상주의
6,철학적 연구,실재주의
7,철학적 연구,실용주의
8,철학적 연구,리머
9,철학적 연구,엘리엇
10,미학적 연구,미학
11,미학적 연구,심미
12,심리학적 연구,심리
13,심리학적 연구,정서
14,사회학적 연구,사회
15,사회학적 연구,상관
16,사회학적 연구,영향
17,사회학적 연구,사상
18,사회학적 연구,인식
19,음악과 교육과정,교육과정
20,음악과 교육과정의 내용체계,내용
21,음악과 교육과정의 내용체계,내용체계
22,음악 교과서,교과서
23,다문화 교육,다문화
24,인성 교육,인성
25,융합교육,융합
26,역량,역량
27,유아 음악 교수 학습방법,유아
28,,유아원
29,유아 음악 교수 학습방법,유치원
30,초등 음악 교수 학습방법,초등
31,초등 음악 교수 학습방법,초등학교
32,초등 음악 교수 학습방법,어린이
33,초등 음악 교수 학습방법,국민학교
34,중등 음악 교수 학습방법,중등
35,중등 음악 교수 학습방법,중학교
36,중등 음악 교수 학습방법,고등
37,중등 음악 교수 학습방법,고등학교
38,중등 음악 교수 학습방법,청소년
39,국악 교수 학습방법,국악
40,국악 교수 학습방법,국악교육
41,국악 교수 학습방법,전통음악
42,디지털,디지털
43,디지털,미디어
44,디지털,매체
45,디지털,스마트
46,디지털,ICT
47,디지털,앱
48,디지털,애플리케이션
49,심리검사,심리검사
50,음악과 수행 및 성취 평가,수행
51,음악과 수행 및 성취 평가,성취
52,음악과 수행 및 성취 평가,수행평가
53,음악과 수행 및 성취 평가,성취도
54,음악과 수행 및 성취 평가,평가
55,음악과 교육과정 평가기준 개발,평가기준
56,교사 전문성과 교사교육,교사
57,음악영재 교육,영재
58,통합음악교육,통합
59,대학 음악교육,대학
60,평생음악교육,평생
61,직업 진로,직업
62,직업 진로,진로
63,음악치료,치료
64,문화예술교육,문화예술
65,4차 산업혁명,빅데이터
66,4차 산업혁명,인공지능
67,4차 산업혁명,AI
68,4차 산업혁명,메타버스
69,4차 산업혁명,게더타운
70,교육 쟁점 및 정책,정책
71,교육 쟁점 및 정책,실태
72,교육 쟁점 및 정책,운영
73,교육 쟁점 및 정책,현황
